{
  "IcoMoonType": "selection",
  "icons": [
    {
      "icon": {
        "paths": [
          "M528 928v0c-220.914 0-400-179.086-400-400s179.086-400 400-400c220.914 0 400 179.086 400 400s-179.086 400-400 400zM528 896c203.241 0 368-164.759 368-368s-164.759-368-368-368c-203.241 0-368 164.759-368 368s164.759 368 368 368v0zM384 448c17.673 0 32-14.327 32-32s-14.327-32-32-32c-17.673 0-32 14.327-32 32s14.327 32 32 32v0zM672 448c17.673 0 32-14.327 32-32s-14.327-32-32-32c-17.673 0-32 14.327-32 32s14.327 32 32 32v0zM527.402 704c-111.402 0-175.402-64-175.402-64v32c0 0 64 64 175.402 64s176.598-64 176.598-64v-32c0 0-65.195 64-176.598 64v0z"
        ],
        "attrs": [],
        "isMulticolor": false,
        "isMulticolor2": false,
        "tags": [
          "smiling-face"
        ],
        "grid": 32
      },
      "attrs": [],
      "properties": {
        "id": 561,
        "order": 33,
        "prevSize": 32,
        "name": "smiling-face"
      },
      "setIdx": 2,
      "setId": 20,
      "iconIdx": 560
    },
    {
      "icon": {
        "paths": [
          "M528 928v0c-220.914 0-400-179.086-400-400s179.086-400 400-400c220.914 0 400 179.086 400 400s-179.086 400-400 400zM528 896c203.241 0 368-164.759 368-368s-164.759-368-368-368c-203.241 0-368 164.759-368 368s164.759 368 368 368v0zM384 448c17.673 0 32-14.327 32-32s-14.327-32-32-32c-17.673 0-32 14.327-32 32s14.327 32 32 32v0zM672 448c17.673 0 32-14.327 32-32s-14.327-32-32-32c-17.673 0-32 14.327-32 32s14.327 32 32 32v0zM527.902 672c-95.902 0-143.902-32-143.902-32s32 96 144 96c112 0 144-96 144-96s-48.195 32-144.098 32v0z"
        ],
        "attrs": [],
        "isMulticolor": false,
        "isMulticolor2": false,
        "tags": [
          "grinning-face"
        ],
        "grid": 32
      },
      "attrs": [],
      "properties": {
        "id": 601,
        "order": 34,
        "prevSize": 32,
        "name": "grinning-face"
      },
      "setIdx": 2,
      "setId": 20,
      "iconIdx": 600
    }
  ],
  "height": 1024,
  "preferences": {
    "showGlyphs": true,
    "showQuickUse": true,
    "showQuickUse2": true,
    "showSVGs": true,
    "fontPref": {
      "prefix": "icon-",
      "metadata": {
        "fontFamily": "icomoon"
      },
      "metrics": {
        "emSize": 1024,
        "baseline": 6.25,
        "whitespace": 50
      },
      "embed": false,
      "hideFormats": false
    },
    "imagePref": {
      "prefix": "icon-",
      "png": false,
      "useClassSelector": true,
      "color": 0,
      "bgColor": 16777215,
      "classSelector": ".icon",
      "name": "icomoon",
      "height": 32,
      "columns": 16,
      "margin": 16
    },
    "historySize": 50,
    "showCodes": true,
    "gridSize": 16
  }
}